{
    "rmse": 0.8050869519515229,
    "mae": 0.659462806060134,
    "r2": 0.008172626298276975
}